"cell","CXCR2","CLCA1","SIGLEC1","EPHB3","IL23A","CCR8","MUC4","SERPINA1","GZMK","FCGR3A","IKZF2","Blank.19","HLA.DQA1","KDR","IKZF4","PKM","ITGA4","Blank.27","MARCO","HLA.DRA"
40059,0,0,0,0,0,0,0,3,0,0,1,0,0,0,1,26,0,0,0,3
70865,0,0,0,0,0,0,1,4,0,0,0,0,0,0,0,13,0,0,0,1
7378,0,0,0,4,0,0,0,13,0,0,1,1,1,0,1,43,0,0,0,6
31348,0,0,0,0,0,0,0,1,0,0,0,0,0,0,0,0,0,0,0,1
49385,0,0,0,0,0,0,0,2,0,3,1,0,1,0,0,1,0,0,3,19
53386,0,0,0,0,0,0,0,0,0,0,0,0,0,0,0,1,0,0,0,0
51747,0,0,1,1,1,0,0,0,0,0,0,1,0,0,1,4,0,0,0,0
20571,0,0,2,0,0,0,0,1,0,0,0,0,0,0,0,1,0,0,0,0
25554,0,0,0,3,0,0,0,12,0,0,0,1,0,0,0,24,0,0,0,11
54791,0,0,0,0,0,0,0,1,0,1,0,0,0,0,0,2,0,0,0,0
32594,0,0,0,1,1,0,0,7,0,0,0,0,0,0,0,29,0,0,0,3
36982,0,0,0,0,0,0,0,0,0,0,0,0,0,0,0,1,0,0,0,0
8214,0,0,1,0,0,0,0,0,0,0,0,0,0,0,0,6,0,0,0,0
32542,0,0,1,0,0,0,0,13,0,0,0,0,0,0,0,38,0,0,0,7
37753,0,0,0,0,0,0,0,4,0,0,0,0,0,0,0,18,0,0,0,1
32237,0,0,0,2,0,0,1,16,0,0,0,0,0,0,0,36,0,0,0,6
1912,0,0,1,0,0,0,0,18,0,0,0,0,0,0,0,40,0,0,0,1
65763,0,0,0,0,0,0,0,3,0,0,0,0,0,0,0,11,0,0,0,1
53519,0,0,0,0,0,0,0,8,0,0,0,0,0,0,0,25,0,0,0,5
29155,0,0,0,0,0,0,0,1,0,0,0,0,0,0,0,5,0,0,0,0
3824,0,0,0,0,0,0,2,23,0,0,0,1,1,1,0,41,0,0,0,4
36076,0,0,0,0,0,0,0,0,0,1,0,0,0,0,0,0,0,0,0,0
51750,0,0,0,1,0,0,0,0,0,0,0,0,0,0,0,2,0,0,0,0
44413,0,1,0,2,2,0,0,9,0,0,0,0,0,0,0,27,0,0,1,14
28226,0,0,0,0,0,0,0,0,0,0,0,0,0,0,0,0,0,0,0,0
46647,0,0,0,0,0,0,0,0,0,0,0,0,0,0,1,2,0,0,0,2
57096,0,0,0,0,0,0,0,1,0,0,1,0,0,0,0,4,0,0,0,1
17114,0,0,0,0,0,0,0,0,0,0,0,0,0,0,0,2,0,0,0,1
59535,0,0,0,1,5,0,0,6,0,0,0,0,0,0,0,17,0,0,0,7
53088,0,0,0,1,0,0,0,2,0,0,0,0,0,0,0,12,0,0,0,3
28611,0,0,0,0,0,0,0,0,0,1,0,0,0,0,0,2,3,0,0,0
44494,0,0,0,0,0,0,0,20,0,0,0,0,0,0,0,41,1,0,0,6
59239,0,0,0,0,0,0,0,0,0,0,0,0,0,0,0,9,0,0,0,0
45940,0,0,0,0,0,0,1,2,0,0,0,0,0,0,0,13,0,1,0,1
61381,0,0,0,0,0,0,0,9,0,0,2,0,0,0,0,51,0,0,0,2
62364,0,0,1,0,1,0,0,30,0,0,2,0,0,0,1,51,0,1,1,7
64131,0,0,0,0,0,0,0,1,0,0,1,0,0,0,0,36,0,0,0,4
38206,0,0,0,4,0,0,0,7,0,1,1,0,0,0,0,19,0,0,0,3
57149,0,0,0,0,1,0,0,19,0,0,1,0,0,0,0,79,0,2,0,7
19090,0,0,0,0,0,0,0,0,0,0,0,0,0,0,0,5,1,0,0,0
27136,0,0,0,0,0,0,0,0,0,0,0,0,0,0,0,3,2,0,0,1
3788,0,0,0,1,1,0,0,16,0,1,2,0,0,0,0,55,0,0,0,25
29040,0,0,0,1,0,0,0,7,0,0,0,0,0,0,0,15,0,0,0,3
44454,1,0,0,0,0,1,0,15,0,1,2,1,1,0,0,47,0,0,0,10
13345,0,0,0,1,0,0,0,3,0,0,0,0,0,0,0,20,0,0,0,1
44941,0,0,0,0,0,3,0,0,0,0,2,0,0,0,0,16,0,0,0,1
57136,0,0,0,1,0,0,0,16,0,0,0,0,0,0,0,60,0,0,0,1
11336,0,0,1,0,0,0,1,14,0,0,0,0,0,0,0,25,0,0,0,4
10188,0,0,0,1,0,0,0,28,0,2,2,0,1,0,0,70,0,0,0,23
24033,0,0,0,0,0,0,0,0,0,0,0,0,0,0,0,0,0,0,0,0
64771,0,0,1,0,0,0,0,0,0,0,0,0,0,0,0,0,0,0,0,0
16619,0,0,0,0,0,0,0,0,0,0,0,0,0,0,0,0,0,0,0,0
40469,0,0,0,1,1,0,0,0,0,0,0,1,0,0,0,6,0,0,0,0
23163,0,0,0,0,0,0,0,0,0,0,0,0,0,0,0,3,0,0,0,1
19301,0,0,0,0,0,0,0,0,0,0,0,0,0,0,0,0,0,0,0,0
32688,0,0,0,0,0,0,0,2,0,0,0,0,0,0,0,13,0,0,0,5
23797,0,0,2,0,0,0,0,0,0,0,0,0,0,0,0,0,0,0,0,5
32285,0,0,0,0,0,0,0,3,0,0,0,0,0,0,1,6,0,0,0,4
60661,0,0,0,0,0,0,0,0,0,0,0,0,0,0,0,16,0,0,0,2
67629,0,0,0,2,0,0,0,6,0,1,1,0,0,0,0,14,0,0,0,5
15093,0,0,0,1,0,0,0,5,0,0,1,0,0,0,0,8,0,0,0,5
58168,0,0,0,0,0,0,0,4,0,1,0,0,0,0,0,32,1,0,0,16
25991,0,0,0,0,0,0,0,0,0,0,0,0,0,0,0,1,0,0,0,0
31443,0,0,1,0,0,0,0,0,0,1,0,0,0,0,0,23,1,0,0,0
56727,0,0,0,0,1,0,0,6,0,3,0,0,0,0,0,19,0,0,1,15
9466,0,0,0,1,0,0,0,15,0,3,0,1,1,0,1,47,0,0,0,13
14313,0,0,0,0,1,0,0,8,0,0,1,0,0,0,0,11,0,0,0,5
21713,0,0,0,2,0,0,0,12,0,0,0,0,0,0,0,58,0,0,0,4
4512,0,0,0,0,0,0,0,6,0,0,0,2,0,0,0,34,0,0,0,4
61096,0,0,0,0,0,0,0,4,0,0,0,0,0,0,0,15,0,0,0,1
26487,0,0,0,0,0,0,0,0,0,0,0,0,0,0,0,7,0,0,0,0
14013,0,0,0,0,0,0,0,13,0,0,1,1,0,0,0,16,0,0,0,9
18466,0,0,0,1,0,0,0,1,0,0,0,0,0,0,0,7,0,0,0,4
10844,0,0,0,0,0,0,0,0,0,0,0,0,0,0,0,3,0,0,0,0
63247,0,0,0,0,0,0,0,0,0,0,0,0,0,0,0,2,0,0,0,1
71036,1,0,0,0,0,0,0,0,0,0,0,0,0,0,0,2,0,0,0,1
59906,0,0,1,0,0,0,0,0,0,0,0,0,0,0,0,1,0,0,0,0
34350,0,0,0,0,0,0,0,1,0,0,1,0,0,0,0,41,1,0,0,1
26523,0,0,0,0,0,0,0,0,0,0,0,0,0,0,0,7,0,0,0,1
30532,0,0,0,0,0,0,0,8,0,0,0,0,0,0,0,11,0,0,0,3
20974,0,0,1,0,0,0,0,7,0,0,2,0,0,0,0,31,0,0,0,5
23023,0,0,0,2,0,0,0,9,0,0,1,0,1,0,0,20,1,0,0,3
12528,0,0,0,0,0,0,0,0,0,0,1,0,0,0,0,14,0,0,0,0
14095,0,0,1,1,1,0,0,28,0,0,0,1,0,0,0,41,0,0,0,22
1040,0,0,0,0,0,0,0,9,0,0,0,0,0,0,1,35,0,0,0,4
4967,0,0,0,0,0,0,0,6,0,0,0,0,0,0,0,12,0,0,0,6
13214,0,1,0,1,0,0,0,0,0,0,0,0,0,0,1,7,0,0,0,0
26794,0,1,0,0,0,0,0,0,0,0,0,0,0,0,0,7,0,0,0,0
16914,0,0,0,0,0,0,0,0,0,0,0,0,0,0,0,0,0,0,0,0
27292,0,0,0,0,0,0,0,0,0,0,0,1,0,0,0,21,0,0,0,2
41998,0,0,0,0,1,0,0,0,1,0,0,0,0,0,0,2,0,0,0,0
55935,0,0,0,0,0,0,0,0,0,0,0,0,0,0,0,1,0,0,0,0
13373,0,0,0,0,0,0,0,3,0,0,0,0,0,0,0,7,0,0,0,0
62118,0,0,0,0,0,0,0,0,0,0,0,0,0,0,0,3,0,0,0,1
69580,0,0,0,0,0,0,0,0,0,0,0,0,1,2,0,1,0,0,0,4
47063,0,0,1,1,0,1,1,10,0,0,2,0,0,0,0,56,0,0,0,3
57281,0,0,0,1,0,0,0,13,0,0,0,0,0,0,0,57,0,0,0,11
48548,0,0,0,0,0,0,0,5,0,0,0,0,0,0,0,20,0,0,0,3
65140,0,0,0,0,0,0,0,11,0,0,0,0,0,0,0,16,0,0,0,5
62807,0,0,0,2,0,0,0,0,0,0,0,0,0,0,0,7,0,0,0,1
69296,0,0,0,0,0,0,0,10,0,0,0,0,0,0,0,36,0,0,0,7
31375,0,0,0,0,0,0,0,0,0,0,0,0,0,0,0,0,0,0,0,0
68326,0,0,0,0,0,0,0,9,0,0,1,0,0,0,0,27,0,0,0,5
1150,0,0,0,0,0,0,0,0,1,2,0,0,0,0,0,9,0,0,0,16
50912,0,0,1,0,0,0,0,6,0,0,0,0,0,0,0,7,0,0,0,2
1188,0,0,1,0,0,0,0,10,0,0,2,0,0,0,0,78,0,0,0,9
52131,0,0,1,0,0,0,0,0,0,0,0,0,0,0,1,3,0,0,0,1
13301,0,1,0,1,0,0,0,8,0,0,0,0,0,0,0,12,0,0,0,6
32446,0,0,0,0,0,0,0,1,0,0,0,0,0,0,0,7,0,0,0,0
47315,0,0,3,1,0,0,0,1,0,0,0,0,3,0,0,0,0,0,0,46
66292,0,0,0,0,0,0,0,0,0,3,1,0,0,0,0,2,0,0,0,12
3539,0,0,0,0,0,0,0,0,0,0,0,0,0,0,0,9,0,0,0,0
27000,0,0,0,1,2,0,0,7,0,0,0,0,0,0,0,30,0,0,0,10
41807,0,0,0,0,0,0,0,4,0,0,0,0,0,0,0,29,0,0,0,1
44683,0,0,0,0,0,0,0,1,0,1,1,0,0,0,0,0,0,0,0,0
29668,0,0,1,0,0,0,1,14,0,0,5,0,0,0,0,97,0,0,0,0
9262,0,0,0,0,0,0,0,14,0,0,1,0,0,0,0,21,0,0,0,7
29729,0,0,0,0,0,0,0,0,0,0,0,0,0,0,0,0,0,0,0,0
65212,0,0,0,2,0,0,0,25,0,0,0,0,0,0,0,49,1,0,0,8
66373,0,0,0,0,0,0,0,0,0,0,0,0,0,0,0,2,0,0,0,0
34706,0,0,0,0,1,0,1,7,0,1,0,0,0,0,0,15,0,0,2,6
1107,0,0,0,0,0,0,0,2,0,4,0,0,0,0,0,5,0,0,0,19
25026,0,0,0,1,0,0,0,6,0,0,0,0,0,0,0,11,0,0,0,2
59042,0,0,0,0,0,1,0,0,0,0,0,0,0,0,0,3,0,0,0,0
64826,0,0,0,2,0,0,0,0,0,0,0,0,0,0,1,2,0,0,0,0
20217,1,0,0,2,0,0,0,6,0,0,0,0,0,0,0,12,0,0,0,1
18061,0,0,0,0,0,0,0,0,0,0,0,0,0,0,0,1,0,0,0,0
28504,0,0,1,0,0,0,0,0,0,0,1,0,0,0,0,16,0,0,1,2
1421,0,0,0,2,1,0,1,24,0,0,3,1,0,1,0,86,0,0,0,12
37519,0,0,0,0,0,0,0,0,0,0,0,0,0,0,0,0,0,0,0,0
24639,0,0,0,0,0,0,0,27,0,0,0,0,0,0,0,24,0,0,0,6
30351,0,0,0,1,0,0,0,5,0,0,1,1,0,0,0,17,0,0,0,0
40368,0,0,0,0,0,0,0,0,0,0,0,0,0,0,0,0,0,0,0,0
19618,0,0,0,1,0,0,0,0,0,0,0,0,0,0,0,3,0,0,0,0
41598,0,0,0,0,0,0,0,0,0,0,0,0,0,0,0,2,0,0,0,3
28102,0,0,0,0,0,0,0,1,0,0,0,0,0,0,0,2,0,0,0,4
53178,0,0,0,0,0,0,0,1,0,0,0,0,0,0,0,5,0,0,0,0
45581,0,0,0,1,0,0,0,0,0,0,0,1,0,0,0,1,0,0,0,1
44376,0,0,0,0,0,0,0,8,0,0,0,0,0,0,0,18,0,0,0,2
34971,0,0,0,0,0,0,0,11,0,0,0,0,0,0,0,43,0,0,0,6
17097,0,0,0,0,0,0,0,0,0,0,0,0,0,0,0,0,0,0,0,0
39567,0,0,0,0,0,0,0,13,0,0,1,0,0,0,0,9,0,0,0,4
26448,0,0,0,0,0,0,0,11,0,0,0,0,1,0,0,89,0,0,0,2
8454,0,0,0,0,0,0,0,0,0,0,0,0,0,0,0,6,0,0,0,0
7946,0,0,0,1,1,0,0,2,0,0,1,0,1,1,0,42,0,0,0,8
36430,0,0,0,0,0,0,0,0,0,0,0,0,0,0,0,6,0,0,0,0
22976,0,0,0,0,0,0,0,10,0,0,0,0,0,0,0,47,0,0,0,9
3509,0,0,0,0,0,0,0,0,0,0,0,0,0,0,0,8,0,0,0,0
62321,0,0,0,4,0,0,0,37,0,0,0,0,0,0,0,83,0,0,0,16
4722,0,0,0,1,0,0,0,15,0,0,0,0,0,0,0,58,0,0,0,9
12152,0,0,0,0,0,0,0,2,1,0,0,0,0,0,0,15,0,0,0,4
59023,0,0,0,0,0,0,0,0,0,0,0,0,0,0,0,1,0,0,0,0
12114,0,0,0,0,0,0,0,6,0,0,0,0,0,0,0,26,0,0,1,13
67061,0,0,0,0,0,0,0,11,0,0,0,0,0,0,0,12,0,0,1,11
70080,0,0,0,0,0,0,0,0,0,0,0,0,0,0,0,2,0,0,0,0
48589,0,0,0,3,0,0,0,10,0,0,0,0,0,0,0,33,0,0,0,11
51969,0,1,0,0,0,0,0,0,0,0,0,0,0,0,0,3,0,0,0,0
65643,0,0,0,0,0,0,0,0,0,0,0,0,0,0,0,0,0,0,0,0
38675,0,0,0,0,0,0,0,6,0,0,0,0,0,0,0,36,1,0,0,3
23694,0,0,0,0,0,0,0,0,0,0,0,0,0,0,0,2,0,0,0,0
41963,0,0,0,0,0,0,0,7,0,0,0,0,0,0,1,37,0,0,0,2
9449,0,0,1,1,0,0,1,52,0,0,3,0,1,0,1,122,0,0,0,7
6631,0,0,0,1,0,0,1,13,0,0,1,0,0,0,0,15,0,0,0,2
41527,0,0,0,0,0,0,0,0,0,0,0,0,0,0,0,2,0,0,0,0
24380,0,0,0,0,0,0,0,0,0,0,0,0,0,0,0,0,0,0,0,0
55380,0,0,0,1,0,0,0,0,0,0,0,0,0,0,1,1,0,1,0,2
2096,0,0,0,0,0,1,0,27,0,0,2,0,0,0,0,115,1,0,0,7
57472,0,0,0,3,0,0,0,14,0,0,0,0,0,1,0,37,0,0,0,9
54579,0,0,0,0,0,0,0,13,0,0,0,0,0,0,0,25,0,0,0,3
66784,0,0,0,2,0,0,0,2,0,0,1,0,0,0,0,36,0,0,0,4
4062,0,0,0,0,0,0,0,7,0,0,0,0,0,0,0,30,0,0,0,9
38025,0,0,0,0,0,0,0,0,0,0,0,0,0,0,0,17,0,0,0,2
4,0,0,0,0,0,0,0,0,0,0,0,0,0,0,0,0,0,0,0,0
14512,0,0,0,0,0,0,0,7,0,0,0,0,0,1,0,14,0,0,0,3
6230,0,0,0,0,0,0,0,0,0,0,0,0,0,0,0,16,0,0,0,1
17425,0,0,0,2,1,0,0,20,0,0,1,0,0,0,0,72,0,0,0,8
23915,0,0,0,0,0,0,0,2,0,0,0,0,0,0,0,18,0,0,0,4
20165,0,0,0,0,0,0,0,0,0,0,0,0,0,0,0,2,0,0,0,0
40447,0,0,2,0,0,0,0,0,0,0,0,0,0,0,0,6,0,0,0,1
15475,0,0,0,0,0,0,0,3,0,2,2,0,0,0,0,22,0,0,1,7
18308,0,0,0,0,0,0,0,1,0,0,0,0,0,0,0,15,0,0,0,0
49233,0,0,2,1,0,0,1,43,2,0,5,0,0,0,0,131,0,0,0,9
62081,0,0,0,1,0,0,0,0,0,1,0,0,0,0,0,2,0,0,0,0
12049,0,0,0,0,0,0,1,25,0,0,0,0,0,0,0,26,0,0,0,13
53890,0,0,0,1,0,0,0,0,0,0,0,0,0,0,0,2,0,0,0,0
37395,0,0,0,0,1,0,0,0,0,1,0,1,0,1,0,11,0,0,0,5
49829,0,0,0,0,0,0,0,18,0,0,0,0,0,0,0,24,0,0,0,4
22249,0,0,0,0,0,0,0,1,0,0,0,0,0,0,0,1,0,0,0,2
51200,0,1,0,1,0,0,0,4,0,0,0,0,0,0,0,33,0,0,0,4
66507,0,0,0,0,0,1,0,0,0,0,0,0,0,0,1,2,0,0,0,0
38524,0,0,0,0,1,1,0,34,0,0,0,1,0,0,0,99,1,0,0,8
64850,0,0,0,0,0,0,0,0,0,0,1,0,1,0,0,9,0,0,0,12
39911,0,0,0,1,0,0,0,0,0,0,1,0,1,0,0,5,0,0,0,0
9019,0,0,0,2,0,0,0,4,0,0,0,0,0,0,0,32,0,0,0,1
25675,0,0,0,1,0,0,0,2,0,0,0,0,0,0,0,9,0,0,0,3
22777,0,0,0,0,0,0,0,1,0,0,0,0,0,0,0,10,0,0,0,0
66640,0,0,0,2,1,0,1,14,0,0,1,0,0,0,0,35,0,0,0,1
63143,1,0,0,0,0,0,0,4,0,3,0,0,0,0,0,0,0,0,0,0
243,0,0,0,0,0,0,0,0,0,0,0,0,0,0,0,0,0,0,0,0
64199,0,0,0,0,0,1,0,0,0,0,0,0,0,0,0,5,0,0,0,0
70224,0,0,0,0,0,0,0,0,0,0,0,0,0,0,0,3,0,0,0,0
69273,0,0,0,0,0,0,0,0,0,0,1,0,0,0,0,4,0,0,0,0
12125,0,0,0,0,0,0,0,14,0,0,1,0,0,0,0,28,0,0,0,20
5477,0,0,0,0,0,0,0,2,0,1,0,0,0,0,0,19,0,1,0,3
56453,0,0,0,0,0,0,0,6,0,1,0,0,0,0,0,31,0,0,0,1
52044,0,0,0,0,0,0,0,0,0,0,0,0,0,0,0,4,0,0,0,0
40713,0,0,1,0,0,0,0,0,0,0,1,0,0,0,0,11,1,0,0,5
31961,0,0,0,0,0,0,0,26,1,0,0,0,0,0,0,73,0,0,0,4
32244,0,0,1,1,0,0,0,0,0,0,0,1,0,1,0,9,0,0,0,0
8820,1,0,0,2,0,0,0,9,0,0,0,0,1,0,0,27,0,0,0,8
26287,0,0,0,0,0,0,0,9,0,0,2,0,0,0,0,27,0,0,0,6
59160,0,0,0,0,0,0,1,0,0,0,0,0,0,0,0,7,0,0,0,3
55266,0,0,0,1,1,0,0,4,0,0,1,1,1,0,0,19,0,0,0,1
5587,0,0,0,0,0,0,0,0,0,0,0,0,0,0,1,11,0,0,0,3
7707,0,1,1,0,0,0,0,0,0,0,2,0,0,1,0,15,0,0,0,0
65868,0,0,0,0,1,0,0,0,0,0,1,1,2,0,0,14,0,0,0,1
41101,0,0,0,0,0,0,0,0,0,0,0,0,0,0,0,0,0,0,0,0
30165,0,0,0,0,0,1,1,4,1,0,1,1,0,0,0,70,0,0,0,2
10763,0,0,0,1,0,0,0,0,0,0,0,0,0,0,0,3,0,0,0,0
46654,0,0,0,0,0,0,0,0,0,0,0,0,0,0,0,1,0,0,0,1
5682,0,0,0,0,0,0,0,9,0,0,0,1,0,0,0,51,0,0,0,2
29159,0,0,0,2,0,0,0,5,0,0,0,0,0,0,0,27,0,0,0,15
7334,0,0,0,0,0,1,0,6,0,0,0,0,0,0,0,13,0,0,0,2
33780,0,0,0,1,0,0,1,25,0,0,0,0,0,0,0,30,0,0,0,11
35811,0,0,0,0,0,0,0,0,0,0,0,0,0,0,0,2,0,0,0,0
69830,0,0,0,0,1,0,0,9,0,21,0,0,0,0,0,8,0,0,0,41
46250,0,0,0,2,1,0,1,27,0,0,2,0,0,0,0,64,0,0,0,4
47798,0,0,0,0,0,0,0,0,0,0,0,0,0,0,0,4,0,0,0,1
33280,0,0,0,1,0,0,0,14,0,0,1,0,0,0,0,27,0,0,0,22
18582,0,0,0,2,2,0,0,1,0,0,0,0,0,0,0,16,0,0,0,1
42051,0,0,0,0,1,0,0,30,0,0,2,0,0,0,0,87,1,0,0,4
20176,0,0,0,0,0,0,0,1,0,0,0,0,0,0,0,7,0,0,0,0
31934,0,0,1,0,1,0,0,13,1,0,1,0,0,0,0,64,0,0,0,4
34521,0,0,0,0,1,0,0,3,0,2,1,0,0,0,0,15,1,0,0,4
61847,0,0,1,0,1,0,0,0,0,0,0,0,0,0,0,12,0,0,0,0
55519,0,0,1,0,0,1,0,19,1,0,0,0,0,1,0,53,0,0,0,2
60838,0,0,0,0,0,0,0,0,0,0,0,0,0,0,0,0,0,0,0,0
29513,0,0,0,0,0,0,0,0,0,0,1,0,0,0,0,17,0,0,0,0
18096,0,0,0,2,1,0,0,0,0,0,1,0,0,0,0,11,0,0,0,1
12815,0,0,0,0,0,0,0,5,0,0,0,0,0,0,0,19,0,0,0,9
51272,0,0,0,0,0,0,0,17,0,0,1,0,0,0,0,37,0,0,0,1
30131,0,0,0,0,0,0,0,19,0,2,2,0,0,0,0,92,0,0,1,12
11580,0,0,0,0,0,0,0,2,0,0,0,0,0,0,0,10,0,0,0,0
26613,0,0,0,0,0,0,0,1,0,0,0,0,0,0,0,0,0,0,0,0
57891,0,0,0,0,0,0,0,9,0,0,1,0,0,0,0,25,0,0,0,10
714,0,0,0,1,0,0,0,15,0,0,0,0,0,0,0,54,0,0,0,4
32353,0,0,0,1,0,0,0,35,0,0,3,0,0,0,0,117,0,0,0,8
68776,0,0,0,0,0,0,0,0,0,0,0,0,0,0,0,1,0,0,0,0
61997,0,0,0,2,0,0,0,11,0,0,0,1,0,0,0,42,0,0,0,6
66342,0,0,0,0,0,0,0,0,0,0,0,0,0,0,0,0,0,0,0,0
54465,0,0,0,0,0,0,0,0,0,0,0,0,0,0,0,0,0,0,0,0
71077,0,0,0,0,0,0,0,0,0,0,0,0,0,0,0,6,0,0,0,0
6085,0,0,2,0,0,0,0,1,0,0,1,1,0,0,0,44,0,0,1,1
19702,0,0,0,0,1,0,0,31,0,0,1,0,0,0,0,65,0,0,0,14
6191,0,0,0,0,0,0,0,0,0,0,0,0,0,0,0,1,0,0,0,0
30287,0,0,0,0,0,0,0,2,0,0,0,0,0,0,0,8,0,0,0,4
66959,0,0,0,0,3,0,0,23,0,0,6,2,1,0,0,295,0,0,0,16
65269,0,0,0,0,0,0,0,10,0,0,0,0,1,0,0,6,1,0,6,6
25513,0,0,0,0,0,0,0,13,0,0,2,0,0,0,0,25,0,0,0,6
14608,0,0,0,0,0,0,0,22,0,0,0,0,0,0,1,53,0,0,0,11
78,0,0,0,0,0,2,0,4,0,0,0,2,0,2,0,46,1,0,0,7
2340,0,0,0,1,0,1,0,13,0,0,0,0,0,0,0,34,0,0,0,5
18326,0,0,0,0,0,0,0,8,0,0,0,0,0,0,0,41,0,0,1,7
67796,0,0,0,0,0,0,0,3,1,3,0,0,0,0,0,9,0,0,0,6
48515,0,0,0,3,0,1,0,9,0,0,4,0,0,0,0,90,0,0,0,8
4428,0,0,1,1,0,0,0,17,0,1,2,0,0,0,0,94,0,0,0,10
61959,0,0,0,0,0,0,0,3,0,0,0,0,0,0,0,8,0,0,0,5
19549,0,0,1,0,0,1,0,42,0,0,1,0,0,1,0,162,0,0,0,20
67861,0,0,0,0,0,0,0,0,0,1,0,0,0,5,0,7,2,0,0,0
37690,0,0,0,0,0,0,0,1,0,0,0,0,0,0,0,20,0,0,0,1
35930,0,0,0,2,1,0,0,14,0,0,0,0,0,0,1,53,0,0,0,21
54789,0,0,0,0,0,0,0,0,0,0,0,0,0,0,0,1,0,0,0,0
40446,0,0,0,0,0,0,0,0,0,0,0,0,0,0,0,3,0,0,0,3
37339,0,0,0,0,0,0,0,0,0,0,1,0,0,0,0,2,0,0,0,2
16082,0,0,0,0,0,0,0,3,0,0,0,0,0,0,0,17,0,0,0,4
54711,0,0,0,6,0,0,0,27,0,0,0,0,0,0,0,86,0,0,0,20
41450,0,0,0,3,1,0,0,34,0,0,6,0,0,0,0,49,0,0,0,4
13406,0,0,0,0,0,0,0,0,0,0,0,0,0,0,0,13,0,0,0,0
24523,0,0,0,2,0,0,0,15,0,1,0,1,0,0,0,47,0,0,0,13
32774,0,0,0,0,0,1,0,9,0,0,0,0,0,0,0,24,0,0,1,6
67456,0,0,0,0,0,0,1,15,0,0,2,0,0,0,0,72,0,0,0,4
26929,0,0,0,0,0,0,1,7,0,0,1,0,0,0,0,30,0,0,0,8
63060,0,0,0,0,1,0,0,7,0,0,0,0,0,0,0,15,0,0,0,5
28842,0,0,0,0,0,0,0,3,0,0,0,0,0,0,0,6,0,0,0,1
67774,0,0,0,0,0,0,0,0,0,0,0,0,0,0,1,2,0,0,0,0
1171,0,0,0,2,0,0,1,8,0,0,0,0,0,0,0,36,0,0,0,11
37476,0,0,0,0,0,0,0,4,0,0,0,0,0,0,0,0,0,0,0,0
29955,0,0,0,0,0,0,0,0,0,0,0,0,0,0,0,0,0,0,0,0
64715,0,0,0,0,0,0,0,0,0,0,0,0,0,0,0,1,0,0,0,0
26247,0,0,0,0,0,0,0,0,0,0,0,0,0,0,0,0,0,0,0,0
25195,0,0,0,1,0,0,0,46,0,0,1,1,0,0,0,127,0,0,0,14
28814,0,0,0,0,0,0,0,0,0,0,1,0,0,0,0,3,0,0,0,0
68251,0,0,0,1,0,0,0,2,0,0,0,0,0,0,0,11,0,0,0,0
17796,1,0,0,1,0,0,0,9,0,0,2,0,0,0,0,51,0,0,0,17
44503,0,0,0,0,0,0,0,6,0,0,0,0,0,0,0,12,0,0,0,3
67298,0,0,0,0,0,0,0,1,0,0,0,0,0,0,0,6,0,0,0,2
33045,0,0,0,1,1,1,0,22,0,0,0,0,0,0,0,65,0,0,0,20
61639,0,0,0,0,1,0,0,9,0,0,1,0,0,0,0,52,0,0,0,7
10546,0,0,0,0,0,0,0,0,0,0,0,0,0,0,0,7,0,0,0,1
1943,0,0,0,0,0,0,0,0,0,0,0,0,0,0,0,5,0,0,0,0
58660,0,0,1,1,0,0,1,63,0,0,1,0,0,1,0,147,0,0,0,14
35995,0,0,2,0,0,0,0,13,0,0,0,0,0,0,0,42,0,1,0,7
58177,0,0,0,0,0,0,1,34,0,0,2,0,0,0,0,153,0,0,0,1
6139,0,0,0,0,0,0,0,10,0,0,0,0,0,0,0,43,0,0,0,9
70832,0,0,0,0,0,0,0,0,0,0,0,0,0,0,0,3,0,0,0,0
62188,0,0,0,0,0,0,0,8,0,0,1,0,0,0,0,34,0,0,0,9
3231,0,0,0,0,0,0,0,0,0,1,0,0,0,0,0,1,0,0,0,0
3836,0,0,0,0,0,0,0,0,0,0,0,0,0,0,0,5,0,0,0,0
18801,0,0,0,3,1,0,0,5,0,0,0,0,0,0,0,18,0,0,0,3
36596,0,0,0,0,0,0,2,5,0,0,0,0,0,0,0,14,0,0,0,2
28369,0,0,0,0,0,0,0,0,0,0,0,0,0,0,0,3,0,0,0,0
52415,0,0,0,0,0,0,0,3,0,0,1,0,0,0,0,7,0,0,0,3
25985,0,0,0,0,0,0,0,0,0,0,0,0,0,0,0,12,0,0,0,0
68871,0,0,0,2,0,0,0,0,0,0,0,0,0,0,0,2,0,0,0,2
48368,0,0,0,0,0,1,0,10,0,0,1,1,0,0,0,10,0,0,0,4
32350,1,2,2,1,0,0,0,36,0,11,0,0,0,0,0,117,4,0,0,37
9961,0,0,1,0,0,0,0,9,0,0,1,0,0,0,0,20,0,0,0,3
37961,0,0,0,3,1,0,0,8,0,0,2,0,0,0,0,42,0,0,0,5
4533,0,0,0,0,0,0,0,5,0,0,0,0,0,0,0,23,0,0,0,3
17287,0,0,0,0,0,0,0,0,0,0,0,0,0,0,0,1,0,0,0,0
13626,0,0,0,2,0,0,1,13,0,0,0,0,0,0,0,24,0,0,0,4
16948,0,0,0,0,0,0,0,1,0,0,0,0,0,0,0,2,0,1,0,0
50510,0,0,0,1,0,0,0,0,0,0,1,0,0,0,0,0,0,0,0,0
19809,0,0,0,1,0,0,0,0,0,0,0,0,0,0,2,1,0,0,0,0
7904,0,0,0,0,0,0,0,1,0,0,0,0,0,0,0,11,0,0,0,0
21619,0,0,0,0,0,0,0,8,0,0,1,0,0,0,0,66,1,0,0,5
23656,0,0,0,0,0,0,0,26,0,0,2,0,0,0,0,56,0,0,0,10
56120,0,0,0,0,0,0,0,5,0,0,0,0,1,0,0,3,0,0,0,0
33739,0,0,0,0,0,0,0,0,0,0,1,0,0,0,0,26,0,0,0,0
14150,0,0,1,0,0,0,0,8,0,0,0,0,0,0,0,24,0,0,1,6
45396,0,0,1,1,0,0,0,9,0,0,0,0,0,1,0,8,0,0,12,32
10931,0,0,0,0,0,0,0,0,0,0,0,0,0,0,0,14,0,0,0,0
25008,0,0,0,0,0,0,0,11,0,0,1,0,0,0,0,42,0,0,0,8
42222,0,0,0,0,0,0,0,8,0,0,0,0,0,0,0,34,0,0,0,6
47795,0,0,0,1,0,0,0,11,0,1,0,0,0,1,0,23,0,0,0,4
58211,0,0,0,0,0,0,0,1,0,0,0,0,0,0,0,18,0,0,0,4
15261,0,0,0,0,0,0,0,0,0,0,0,0,0,0,0,2,0,0,0,0
61599,0,0,0,0,0,0,0,14,0,0,0,0,0,0,0,37,0,0,0,9
64545,0,0,0,0,0,0,0,12,0,0,0,0,0,0,0,29,0,0,0,6
8667,0,0,1,0,0,0,0,1,0,1,0,0,0,0,0,4,0,0,0,2
43124,0,0,0,3,0,0,1,6,0,0,0,0,0,0,0,26,0,0,0,6
36042,0,0,0,0,0,0,1,4,0,0,0,0,1,1,0,18,0,0,0,5
41314,0,0,0,0,0,0,0,7,0,0,0,0,0,0,0,25,0,0,0,9
65246,0,0,0,0,0,0,1,18,0,0,0,0,0,1,0,35,0,0,0,5
43002,0,0,0,0,0,0,0,0,0,0,0,0,0,0,0,1,0,0,0,0
29980,0,0,0,0,0,0,0,10,0,2,0,0,0,0,0,7,0,0,19,8
13664,0,0,0,0,0,0,0,0,0,0,0,0,0,0,0,0,0,0,0,0
1803,0,0,0,0,0,0,1,0,0,0,0,0,0,0,0,3,0,0,0,1
62834,0,0,0,0,0,0,0,1,0,0,0,0,0,0,0,2,0,0,0,9
65855,0,0,0,0,0,0,0,0,0,0,0,0,0,0,0,14,1,0,0,0
65811,0,0,0,2,0,0,0,20,0,0,0,0,0,0,0,62,0,0,0,10
38862,0,0,0,0,0,0,0,0,0,0,0,0,0,0,1,2,0,0,0,0
6389,0,0,1,0,0,0,0,2,0,1,0,0,1,0,0,7,0,0,0,26
55180,0,0,0,2,0,0,0,0,0,2,0,0,0,0,0,1,0,0,0,3
46720,1,0,0,0,0,0,0,0,0,0,0,0,0,0,0,1,0,0,0,1
55435,0,0,0,0,0,0,0,1,0,0,0,0,0,0,0,0,0,0,0,0
47421,0,0,0,1,0,0,0,0,0,1,1,0,0,0,0,13,0,0,0,2
41759,0,0,0,0,0,0,0,9,1,0,0,0,0,0,0,27,0,0,0,9
22469,0,0,0,0,0,0,0,0,0,0,0,0,0,0,0,11,0,0,0,0
70994,0,0,0,0,0,0,0,0,0,0,0,0,0,0,0,2,0,0,0,0
51263,0,0,0,0,0,0,0,0,0,0,0,0,0,0,0,0,0,0,0,0
6242,0,0,0,0,0,0,0,0,0,0,1,0,1,0,0,40,1,0,0,2
51928,0,0,0,0,0,0,0,1,0,0,0,0,0,0,0,19,0,0,0,3
25460,0,0,0,0,0,0,0,0,0,0,0,0,0,0,0,3,0,0,0,0
14311,0,0,0,0,0,1,0,14,0,0,0,0,0,0,0,26,0,0,0,1
11780,0,0,0,0,0,0,0,5,0,0,0,0,0,0,0,8,0,0,0,3
26001,0,0,0,0,0,0,0,0,0,0,0,0,0,0,0,4,0,0,0,1
30015,0,0,0,0,0,0,0,1,0,0,0,0,0,0,0,7,0,0,0,0
13574,0,0,0,2,1,0,1,6,0,0,2,0,0,0,0,51,0,0,0,10
64661,0,0,0,0,0,0,0,0,0,0,0,0,0,0,0,2,0,0,0,4
20697,0,0,0,0,0,0,0,15,0,0,1,0,0,0,0,27,0,0,0,8
47088,0,0,0,1,0,0,0,0,0,0,0,0,0,0,0,1,0,0,0,3
61090,0,0,0,0,1,0,0,10,0,0,0,0,1,0,1,40,0,0,0,5
47008,0,0,0,2,0,0,0,4,0,0,1,0,0,0,1,66,0,0,0,2
9053,0,0,0,0,0,0,0,2,0,0,0,0,0,0,0,11,0,0,1,0
48728,0,0,0,0,0,0,0,8,0,1,1,0,1,0,0,12,0,0,0,9
37242,0,0,0,0,0,0,0,0,0,0,1,0,0,0,0,12,0,0,0,0
24360,0,0,0,0,0,0,0,1,0,0,0,0,0,0,0,0,0,0,0,0
41315,0,0,0,0,0,0,0,0,0,0,0,0,0,0,0,2,0,0,0,1
45190,0,0,0,1,2,0,0,10,0,0,0,0,0,0,0,28,0,0,0,3
3862,0,0,0,0,0,0,0,0,0,0,0,0,0,0,0,0,0,0,0,0
255,0,0,0,0,0,0,0,3,0,0,0,0,0,0,0,0,0,0,0,0
13245,0,0,0,0,0,0,0,0,0,0,0,0,0,0,0,0,0,0,0,3
29823,0,0,0,0,0,0,0,0,0,0,0,0,0,0,0,20,0,0,0,0
40601,0,0,0,1,0,0,0,0,0,0,0,0,0,0,0,4,0,0,0,0
53148,0,0,1,0,1,2,2,105,0,0,1,1,0,0,0,139,0,0,0,5
48041,0,0,0,6,0,0,0,1,0,0,0,0,0,1,0,2,0,0,0,1
43947,0,0,0,1,0,0,3,22,0,0,3,0,0,0,0,65,0,0,0,7
35038,0,0,0,1,0,0,1,19,0,0,1,0,0,0,0,53,0,0,1,21
11877,0,0,0,0,0,0,0,8,0,1,2,0,0,0,0,35,0,0,1,21
972,0,0,0,0,0,0,0,8,0,0,1,0,0,0,0,11,1,0,0,4
26300,0,0,0,1,0,0,1,7,0,1,0,0,0,0,0,34,0,0,0,4
24313,0,0,0,0,0,0,0,5,0,0,0,0,0,0,0,26,0,0,0,6
33553,0,0,0,0,2,1,0,25,0,0,1,0,0,1,0,120,0,0,0,0
47346,0,0,0,0,0,0,0,0,0,0,0,1,0,4,0,4,1,0,0,0
68461,0,0,0,0,0,0,0,7,0,0,0,0,0,0,0,8,3,1,0,19
37294,0,0,0,0,0,0,1,6,0,1,0,0,0,0,1,35,0,0,0,7
16389,0,0,0,0,0,0,0,8,0,0,0,0,0,0,1,17,0,0,0,2
43040,0,0,0,0,1,0,0,0,0,1,0,0,0,0,0,2,1,0,1,1
51674,0,0,0,0,0,0,0,0,0,0,0,0,0,0,0,0,0,1,0,0
27572,0,0,0,0,0,0,0,0,0,0,0,0,0,0,0,7,0,0,0,0
7680,0,0,0,0,1,0,0,8,0,7,0,0,0,0,0,21,0,0,2,0
6521,0,0,0,0,0,0,0,10,0,0,0,0,0,0,0,34,0,0,0,1
29334,0,0,0,0,0,0,0,8,0,0,0,0,0,0,0,53,0,0,0,0
41164,0,1,0,0,0,0,0,0,0,0,0,0,0,0,0,9,0,0,0,0
942,0,0,0,0,0,0,1,12,0,0,2,0,0,0,0,53,0,0,0,5
49376,0,0,0,0,0,0,0,9,0,0,1,0,0,0,0,60,0,0,0,12
16736,0,0,0,0,0,0,0,0,0,0,0,0,0,0,0,0,0,0,0,1
3771,0,0,0,3,0,0,0,24,0,0,1,0,0,0,0,77,0,0,0,17
43811,0,0,0,0,0,0,0,7,0,0,0,0,0,0,0,9,0,0,0,10
55091,0,0,0,0,0,0,0,0,0,0,1,0,0,0,0,1,0,0,0,0
3187,0,0,0,0,0,0,0,3,0,0,1,0,0,0,0,16,0,0,0,1
30922,0,0,0,0,0,0,0,0,0,0,0,0,0,0,0,0,0,0,0,0
24713,0,0,0,1,0,0,0,1,1,1,2,0,0,0,0,4,1,0,0,44
68765,0,0,0,0,0,0,0,2,0,0,0,0,0,0,0,41,0,0,0,2
47718,0,0,0,0,0,0,0,15,0,0,0,0,0,0,0,25,0,0,0,1
16380,0,0,1,4,0,0,1,2,0,0,0,0,0,0,0,32,0,0,0,4
71284,0,0,0,1,0,1,0,8,0,0,0,2,0,0,0,55,0,0,0,10
54887,0,0,0,5,0,0,1,25,0,0,5,1,0,0,1,144,0,0,0,8
54487,0,0,0,0,0,0,0,0,0,0,0,0,0,0,0,1,0,0,0,0
56926,0,0,0,0,0,0,0,0,0,0,0,0,0,0,0,5,0,0,0,1
58293,0,0,1,0,0,0,1,5,0,0,1,0,1,0,0,28,0,0,0,1
50620,0,0,0,0,0,0,0,0,0,0,0,0,0,0,0,3,0,0,0,1
10955,0,0,0,0,0,0,0,9,0,0,0,0,0,0,0,8,0,0,0,3
39556,0,0,0,0,0,0,0,8,0,0,0,0,0,0,0,22,0,0,0,4
2041,0,0,0,0,0,0,0,0,0,0,0,0,0,0,0,0,0,0,0,0
48139,0,0,0,0,0,0,0,0,0,0,0,0,0,0,0,0,0,0,0,0
47484,0,0,0,2,0,0,0,16,0,0,1,0,0,0,0,35,0,0,0,9
31339,0,0,0,0,0,0,0,0,0,0,0,0,0,0,0,0,0,0,0,0
34810,0,0,0,0,0,0,0,4,0,0,0,0,0,0,0,16,0,0,0,0
52061,0,0,0,0,0,0,0,0,0,0,0,0,0,0,0,1,0,0,0,1
65126,0,0,0,0,0,0,0,23,0,0,1,0,1,0,0,26,0,0,0,3
53834,0,0,0,1,0,0,0,1,0,0,1,0,0,0,0,9,0,0,0,2
44630,1,0,0,1,0,1,0,23,0,1,1,0,0,0,0,38,0,0,0,11
21567,0,0,0,0,0,0,0,0,0,0,0,0,0,0,0,3,0,0,0,0
11137,0,0,0,1,0,0,0,0,1,0,1,0,0,0,0,4,0,0,0,0
47943,0,0,0,1,0,0,0,0,0,0,1,0,0,0,1,15,0,0,0,2
40089,1,0,0,0,0,0,0,0,0,0,0,0,0,1,0,4,1,0,0,0
10908,0,0,1,0,0,0,0,5,0,0,0,0,0,0,0,32,0,0,0,1
54780,0,0,0,0,0,1,0,0,0,1,0,0,0,0,0,9,0,0,0,1
57478,0,0,0,0,0,0,0,3,0,0,0,0,0,0,0,14,0,0,0,0
59970,0,0,1,0,0,0,0,0,0,0,0,0,0,0,0,8,0,0,0,0
60381,0,0,0,0,0,0,1,6,0,0,0,0,0,0,0,13,0,0,0,1
57984,0,0,0,0,0,0,0,15,1,0,1,0,0,0,0,29,0,0,0,8
54113,0,0,0,0,0,0,0,0,0,0,0,0,0,0,0,2,0,0,0,0
47360,0,0,0,0,0,1,1,3,0,0,1,0,0,0,0,23,0,0,0,4
16121,0,0,0,1,1,0,0,2,0,0,1,0,0,0,0,15,0,0,0,4
55370,0,0,0,0,0,1,0,0,0,0,0,0,0,0,0,2,0,0,0,0
5679,0,0,0,0,0,0,0,5,0,0,0,0,0,0,0,25,0,0,0,8
28157,0,0,0,0,0,0,0,0,0,0,0,0,0,0,0,0,0,0,0,0
